<?xml version='1.0' encoding='UTF-8' standalone='no'?>
<doxygen xmlns:xsi="http://www.w3.org/2001/XMLSchema-instance" xsi:noNamespaceSchemaLocation="compound.xsd" version="1.8.7">
  <compounddef id="_8_n_e_t_framework_00_version_0Av4_85_8_assembly_attribute_8cs" kind="file">
    <compoundname>.NETFramework,Version=v4.5.AssemblyAttribute.cs</compoundname>
    <briefdescription>
    </briefdescription>
    <detaileddescription>
    </detaileddescription>
    <programlisting>
<codeline lineno="1"><highlight class="comment">//<sp/>&lt;autogenerated<sp/>/&gt;</highlight><highlight class="normal"></highlight></codeline>
<codeline lineno="2"><highlight class="normal">[assembly:<sp/>global::System.Runtime.Versioning.TargetFrameworkAttribute(</highlight><highlight class="stringliteral">&quot;.NETFramework,Version=v4.5&quot;</highlight><highlight class="normal">,<sp/>FrameworkDisplayName<sp/>=<sp/></highlight><highlight class="stringliteral">&quot;&quot;</highlight><highlight class="normal">)]</highlight></codeline>
    </programlisting>
    <location file="C:/Users/Tyler/Documents/GitHub/ece590-CubeController/CubeController/CubeController/obj/Debug/.NETFramework,Version=v4.5.AssemblyAttribute.cs"/>
  </compounddef>
</doxygen>
