<?xml version='1.0' encoding='UTF-8' standalone='no'?>
<doxygen xmlns:xsi="http://www.w3.org/2001/XMLSchema-instance" xsi:noNamespaceSchemaLocation="compound.xsd" version="1.8.7">
  <compounddef id="_debug_2_temporary_generated_file___e7_a71_f73-0_f8_d-4_b9_b-_b56_e-8_e70_b10_b_c5_d3_8cs" kind="file">
    <compoundname>Debug/TemporaryGeneratedFile_E7A71F73-0F8D-4B9B-B56E-8E70B10BC5D3.cs</compoundname>
    <briefdescription>
    </briefdescription>
    <detaileddescription>
    </detaileddescription>
    <programlisting>
    </programlisting>
    <location file="C:/Users/Tyler/Documents/GitHub/ece590-CubeController/CubeController/CubeController/obj/Debug/TemporaryGeneratedFile_E7A71F73-0F8D-4B9B-B56E-8E70B10BC5D3.cs"/>
  </compounddef>
</doxygen>
