<?xml version='1.0' encoding='UTF-8' standalone='no'?>
<doxygen xmlns:xsi="http://www.w3.org/2001/XMLSchema-instance" xsi:noNamespaceSchemaLocation="compound.xsd" version="1.8.7">
  <compounddef id="_release_2_temporary_generated_file__5937a670-0e60-4077-877b-f7221da3dda1_8cs" kind="file">
    <compoundname>Release/TemporaryGeneratedFile_5937a670-0e60-4077-877b-f7221da3dda1.cs</compoundname>
    <briefdescription>
    </briefdescription>
    <detaileddescription>
    </detaileddescription>
    <programlisting>
    </programlisting>
    <location file="C:/Users/Tyler/Documents/GitHub/ece590-CubeController/CubeController/CubeController/obj/Release/TemporaryGeneratedFile_5937a670-0e60-4077-877b-f7221da3dda1.cs"/>
  </compounddef>
</doxygen>
