<?xml version='1.0' encoding='UTF-8' standalone='no'?>
<doxygen xmlns:xsi="http://www.w3.org/2001/XMLSchema-instance" xsi:noNamespaceSchemaLocation="compound.xsd" version="1.8.7">
  <compounddef id="dir_63330736016d994e792586ea35d15dc3" kind="dir">
    <compoundname>Properties</compoundname>
    <innerfile refid="_assembly_info_8cs">AssemblyInfo.cs</innerfile>
    <briefdescription>
    </briefdescription>
    <detaileddescription>
    </detaileddescription>
    <location file="C:/Users/Tyler/Documents/GitHub/ece590-CubeController/CubeController/CubeController/Properties/"/>
  </compounddef>
</doxygen>
