<?xml version='1.0' encoding='UTF-8' standalone='no'?>
<doxygen xmlns:xsi="http://www.w3.org/2001/XMLSchema-instance" xsi:noNamespaceSchemaLocation="compound.xsd" version="1.8.7">
  <compounddef id="dir_d56896c5b1d3b9e979f92d5fc3f4641d" kind="dir">
    <compoundname>cpp Code</compoundname>
    <innerfile refid="3d_8cpp">3d.cpp</innerfile>
    <innerfile refid="draw_8cpp">draw.cpp</innerfile>
    <innerfile refid="draw__3d_8cpp">draw_3d.cpp</innerfile>
    <innerfile refid="effect_8cpp">effect.cpp</innerfile>
    <briefdescription>
    </briefdescription>
    <detaileddescription>
    </detaileddescription>
    <location file="C:/Users/Tyler/Documents/GitHub/ece590-CubeController/CubeController/CubeController/cpp Code/"/>
  </compounddef>
</doxygen>
