<?xml version='1.0' encoding='UTF-8' standalone='no'?>
<doxygen xmlns:xsi="http://www.w3.org/2001/XMLSchema-instance" xsi:noNamespaceSchemaLocation="compound.xsd" version="1.8.7">
  <compounddef id="dir_1e6b3c46f8162c17f4ea913a07b6799a" kind="dir">
    <compoundname>Release</compoundname>
    <innerfile refid="_release_2_temporary_generated_file__036_c0_b5_b-1481-4323-8_d20-8_f5_a_d_c_b23_d92_8cs">Release/TemporaryGeneratedFile_036C0B5B-1481-4323-8D20-8F5ADCB23D92.cs</innerfile>
    <innerfile refid="_release_2_temporary_generated_file__5937a670-0e60-4077-877b-f7221da3dda1_8cs">Release/TemporaryGeneratedFile_5937a670-0e60-4077-877b-f7221da3dda1.cs</innerfile>
    <innerfile refid="_release_2_temporary_generated_file___e7_a71_f73-0_f8_d-4_b9_b-_b56_e-8_e70_b10_b_c5_d3_8cs">Release/TemporaryGeneratedFile_E7A71F73-0F8D-4B9B-B56E-8E70B10BC5D3.cs</innerfile>
    <briefdescription>
    </briefdescription>
    <detaileddescription>
    </detaileddescription>
    <location file="C:/Users/Tyler/Documents/GitHub/ece590-CubeController/CubeController/CubeController/obj/Release/"/>
  </compounddef>
</doxygen>
