<?xml version='1.0' encoding='UTF-8' standalone='no'?>
<doxygen xmlns:xsi="http://www.w3.org/2001/XMLSchema-instance" xsi:noNamespaceSchemaLocation="compound.xsd" version="1.8.7">
  <compounddef id="namespace_cube_controller" kind="namespace">
    <compoundname>CubeController</compoundname>
    <innerclass refid="class_cube_controller_1_1_cube" prot="public">CubeController::Cube</innerclass>
    <innerclass refid="class_cube_controller_1_1_effect" prot="public">CubeController::Effect</innerclass>
    <innerclass refid="class_cube_controller_1_1_font_handler" prot="public">CubeController::FontHandler</innerclass>
    <innerclass refid="class_cube_controller_1_1_point" prot="public">CubeController::Point</innerclass>
    <innerclass refid="class_cube_controller_1_1_serial_driver" prot="public">CubeController::SerialDriver</innerclass>
    <briefdescription>
    </briefdescription>
    <detaileddescription>
    </detaileddescription>
    <location file="C:/Users/Tyler/Documents/GitHub/ece590-CubeController/CubeController/CubeController/Cube.cs" line="8" column="1"/>
  </compounddef>
</doxygen>
