<?xml version='1.0' encoding='UTF-8' standalone='no'?>
<doxygen xmlns:xsi="http://www.w3.org/2001/XMLSchema-instance" xsi:noNamespaceSchemaLocation="compound.xsd" version="1.8.7">
  <compounddef id="namespace_system_1_1_i_o_1_1_ports" kind="namespace">
    <compoundname>System::IO::Ports</compoundname>
    <briefdescription>
    </briefdescription>
    <detaileddescription>
    </detaileddescription>
    <location file="C:/Users/Tyler/Documents/GitHub/ece590-CubeController/CubeController/CubeController/SerialDriver.cs" line="3" column="1"/>
  </compounddef>
</doxygen>
