<?xml version='1.0' encoding='UTF-8' standalone='no'?>
<section xmlns="http://docbook.org/ns/docbook" version="5.0" xmlns:xlink="http://www.w3.org/1999/xlink" xml:id="_8_n_e_t_framework_00_version_0Av4_85_8_assembly_attribute_8cs">
    <title>.NETFramework,Version=v4.5.AssemblyAttribute.cs File Reference</title>
    <simplesect>
        <title>Detailed Description</title>
    <para>Definition in file C:/Users/Tyler/Documents/GitHub/ece590-CubeController/CubeController/CubeController/obj/Debug/.NETFramework,Version=v4.5.AssemblyAttribute.cs</para>
    </simplesect>
</section>
