<?xml version='1.0' encoding='UTF-8' standalone='no'?>
<section xmlns="http://docbook.org/ns/docbook" version="5.0" xmlns:xlink="http://www.w3.org/1999/xlink" xml:id="_cube_8cs">
    <title>Cube.cs File Reference</title>
        <simplesect>
            <title> Classes </title>
            <para>
                <itemizedlist>
                    <listitem>
                        <para>struct <link linkend="class_cube_controller_1_1_cube">CubeController::Cube</link></para>
                    </listitem>
                </itemizedlist>
            </para>
            <para>
                <itemizedlist>
                    <listitem>
                        <para>struct <link linkend="class_cube_controller_1_1_point">CubeController::Point</link></para>
                    </listitem>
                </itemizedlist>
            </para>
        </simplesect>
        <simplesect>
            <title> Namespaces </title>
            <para>
                <itemizedlist>
                    <listitem>
                        <para>struct <link linkend="namespace_cube_controller">CubeController</link></para>
                    </listitem>
                </itemizedlist>
            </para>
            <para>
                <itemizedlist>
                    <listitem>
                        <para>struct <link linkend="namespace_system">System</link></para>
                    </listitem>
                </itemizedlist>
            </para>
            <para>
                <itemizedlist>
                    <listitem>
                        <para>struct <link linkend="namespace_system_1_1_runtime_1_1_interop_services">System::Runtime::InteropServices</link></para>
                    </listitem>
                </itemizedlist>
            </para>
            <para>
                <itemizedlist>
                    <listitem>
                        <para>struct <link linkend="namespace_system_1_1_i_o">System::IO</link></para>
                    </listitem>
                </itemizedlist>
            </para>
            <para>
                <itemizedlist>
                    <listitem>
                        <para>struct <link linkend="namespace_system_1_1_threading">System::Threading</link></para>
                    </listitem>
                </itemizedlist>
            </para>
            <para>
                <itemizedlist>
                    <listitem>
                        <para>struct <link linkend="namespace_system_1_1_collections_1_1_generic">System::Collections::Generic</link></para>
                    </listitem>
                </itemizedlist>
            </para>
        </simplesect>
    <simplesect>
        <title>Detailed Description</title>
    <para>Definition in file C:/Users/Tyler/Documents/GitHub/ece590-CubeController/CubeController/CubeController/Cube.cs</para>
    </simplesect>
</section>
