<?xml version='1.0' encoding='UTF-8' standalone='no'?>
<section xmlns="http://docbook.org/ns/docbook" version="5.0" xmlns:xlink="http://www.w3.org/1999/xlink" xml:id="_debug_2_temporary_generated_file__036_c0_b5_b-1481-4323-8_d20-8_f5_a_d_c_b23_d92_8cs">
    <title>Debug/TemporaryGeneratedFile_036C0B5B-1481-4323-8D20-8F5ADCB23D92.cs File Reference</title>
    <simplesect>
        <title>Detailed Description</title>
    <para>Definition in file C:/Users/Tyler/Documents/GitHub/ece590-CubeController/CubeController/CubeController/obj/Debug/TemporaryGeneratedFile_036C0B5B-1481-4323-8D20-8F5ADCB23D92.cs</para>
    </simplesect>
</section>
