<?xml version='1.0' encoding='UTF-8' standalone='no'?>
<section xmlns="http://docbook.org/ns/docbook" version="5.0" xmlns:xlink="http://www.w3.org/1999/xlink" xml:id="_debug_2_temporary_generated_file__5937a670-0e60-4077-877b-f7221da3dda1_8cs">
    <title>Debug/TemporaryGeneratedFile_5937a670-0e60-4077-877b-f7221da3dda1.cs File Reference</title>
    <simplesect>
        <title>Detailed Description</title>
    <para>Definition in file C:/Users/Tyler/Documents/GitHub/ece590-CubeController/CubeController/CubeController/obj/Debug/TemporaryGeneratedFile_5937a670-0e60-4077-877b-f7221da3dda1.cs</para>
    </simplesect>
</section>
