<?xml version='1.0' encoding='UTF-8' standalone='no'?>
<section xmlns="http://docbook.org/ns/docbook" version="5.0" xmlns:xlink="http://www.w3.org/1999/xlink" xml:id="_serial_driver_8cs">
    <title>SerialDriver.cs File Reference</title>
        <simplesect>
            <title> Classes </title>
            <para>
                <itemizedlist>
                    <listitem>
                        <para>struct <link linkend="class_cube_controller_1_1_serial_driver">CubeController::SerialDriver</link></para>
                    </listitem>
                </itemizedlist>
            </para>
        </simplesect>
        <simplesect>
            <title> Namespaces </title>
            <para>
                <itemizedlist>
                    <listitem>
                        <para>struct <link linkend="namespace_cube_controller">CubeController</link></para>
                    </listitem>
                </itemizedlist>
            </para>
            <para>
                <itemizedlist>
                    <listitem>
                        <para>struct <link linkend="namespace_system_1_1_i_o_1_1_ports">System::IO::Ports</link></para>
                    </listitem>
                </itemizedlist>
            </para>
            <para>
                <itemizedlist>
                    <listitem>
                        <para>struct <link linkend="namespace_system_1_1_text">System::Text</link></para>
                    </listitem>
                </itemizedlist>
            </para>
            <para>
                <itemizedlist>
                    <listitem>
                        <para>struct <link linkend="namespace_system_1_1_threading_1_1_tasks">System::Threading::Tasks</link></para>
                    </listitem>
                </itemizedlist>
            </para>
        </simplesect>
    <simplesect>
        <title>Detailed Description</title>
    <para>Definition in file C:/Users/Tyler/Documents/GitHub/ece590-CubeController/CubeController/CubeController/SerialDriver.cs</para>
    </simplesect>
</section>
