<?xml version='1.0' encoding='UTF-8' standalone='no'?>
<section xmlns="http://docbook.org/ns/docbook" version="5.0" xmlns:xlink="http://www.w3.org/1999/xlink" xml:id="class_cube_controller_1_1_point">
<title>CubeController::Point class Reference</title>
        <simplesect>
            <title></title>
            <para>
                <itemizedlist>
                    <listitem>
                    </listitem>
                </itemizedlist>
            </para>
            <para>
                <itemizedlist>
                    <listitem>
                    </listitem>
                </itemizedlist>
            </para>
            <para>
                <itemizedlist>
                    <listitem>
                    </listitem>
                </itemizedlist>
            </para>
        </simplesect>
        <simplesect>
            <title></title>
            <para>
                <itemizedlist>
                    <listitem>
                        <para> <link linkend="class_cube_controller_1_1_point_1ae9456ff844c9cd52c3f041aaf6cedc22">Point</link> (
)</para>
                    </listitem>
                </itemizedlist>
            </para>
            <para>
                <itemizedlist>
                    <listitem>
                        <para> <link linkend="class_cube_controller_1_1_point_1ac6148b303571f0df6954dd4982f7eae6">Point</link> (
int x, int y, int z)</para>
                    </listitem>
                </itemizedlist>
            </para>
        </simplesect>
        <simplesect>
            <title></title>
            <para>
                <itemizedlist>
                    <listitem>
                        <para>static double <link linkend="class_cube_controller_1_1_point_1af0f9e1fa9bc406c7adfb3b51e62f63dd">Distance</link> (
double x1, double x2, double y1, double y2, params double[] zcoords)</para>
                    </listitem>
                </itemizedlist>
            </para>
        </simplesect>
    <simplesect>
        <title>Brief Description</title>

<para>Helper class. Defines a point in x,y,z space. Used to eliminate function calling signatures with many x,y,z args needed. </para>
    </simplesect>
        <simplesect>
            <title>Detailed Description</title>
                <para>Definition at line 2097 of file Cube.cs</para>
                <para>The Documentation for this struct was generated from the following file: </para>
                <para><itemizedlist><listitem><para>Cube.cs</para></listitem></itemizedlist></para>
        </simplesect>
            <section xml:id="class_cube_controller_1_1_point_1ae9456ff844c9cd52c3f041aaf6cedc22">
                <title>CubeController.Point.Point ()</title> <emphasis></emphasis>
                
            </section>
            <section xml:id="class_cube_controller_1_1_point_1ac6148b303571f0df6954dd4982f7eae6">
                <title>CubeController.Point.Point (int x, int y, int z)</title> <emphasis></emphasis>
                
            </section>
            <section xml:id="class_cube_controller_1_1_point_1af0f9e1fa9bc406c7adfb3b51e62f63dd">
                <title>static double CubeController.Point.Distance (double x1, double x2, double y1, double y2, params double[] zcoords)</title> <emphasis>&lt;summary&gt;
Calculates the distance between two points.
&lt;/summary&gt;</emphasis>
                
<para><formalpara><title>Returns: </title>

<para>The d.</para>
</formalpara>

                <formalpara>
                    <title/>
                    <table frame="all">
                        <title>Parameters</title>
                        <tgroup cols="2" align="left" colsep="1" rowsep="1">
                        <tbody>
                            <row>
                                <entry>x1</entry>
                                <entry>
<para>The first x value.</para>
</entry>
                            </row>
                            <row>
                                <entry>x2</entry>
                                <entry>
<para>The second x value.</para>
</entry>
                            </row>
                            <row>
                                <entry>y1</entry>
                                <entry>
<para>The first y value.</para>
</entry>
                            </row>
                            <row>
                                <entry>y2</entry>
                                <entry>
<para>The second y value.</para>
</entry>
                            </row>
                            <row>
                                <entry>zcoords</entry>
                                <entry>
<para>Z coordinates (if provided) for a 3D distance calculation</para>
</entry>
                            </row>
                        </tbody>
                        </tgroup>
                    </table>
                </formalpara>
                </para>

            </section>
</section>
