<?xml version='1.0' encoding='UTF-8' standalone='no'?>
<section xmlns="http://docbook.org/ns/docbook" version="5.0" xmlns:xlink="http://www.w3.org/1999/xlink" xml:id="dir_d56896c5b1d3b9e979f92d5fc3f4641d">
    <title>cpp Code Directory Reference</title>
        <simplesect>
            <title> Files </title>
            <para>
                <itemizedlist>
                    <listitem>
                        <para>file <link linkend="3d_8cpp">3d.cpp</link></para>
                    </listitem>
                </itemizedlist>
            </para>
            <para>
                <itemizedlist>
                    <listitem>
                        <para>file <link linkend="draw_8cpp">draw.cpp</link></para>
                    </listitem>
                </itemizedlist>
            </para>
            <para>
                <itemizedlist>
                    <listitem>
                        <para>file <link linkend="draw__3d_8cpp">draw_3d.cpp</link></para>
                    </listitem>
                </itemizedlist>
            </para>
            <para>
                <itemizedlist>
                    <listitem>
                        <para>file <link linkend="effect_8cpp">effect.cpp</link></para>
                    </listitem>
                </itemizedlist>
            </para>
        </simplesect>
    <simplesect>
        <title>Detailed Description</title>
    <para>Directory location is C:/Users/Tyler/Documents/GitHub/ece590-CubeController/CubeController/CubeController/cpp Code/</para>
    </simplesect>
</section>
