<?xml version='1.0' encoding='UTF-8' standalone='no'?>
<section xmlns="http://docbook.org/ns/docbook" version="5.0" xmlns:xlink="http://www.w3.org/1999/xlink" xml:id="dir_4419eec78c8b86028def52a872f295a3">
    <title>CubeController Directory Reference</title>
        <simplesect>
            <title> Directories </title>
            <para>
                <itemizedlist>
                    <listitem>
                        <para>dir <link linkend="dir_d56896c5b1d3b9e979f92d5fc3f4641d">cpp Code</link></para>
                    </listitem>
                </itemizedlist>
            </para>
            <para>
                <itemizedlist>
                    <listitem>
                        <para>dir <link linkend="dir_a44c26db532de6ea29c5b1e6b084a852">obj</link></para>
                    </listitem>
                </itemizedlist>
            </para>
            <para>
                <itemizedlist>
                    <listitem>
                        <para>dir <link linkend="dir_63330736016d994e792586ea35d15dc3">Properties</link></para>
                    </listitem>
                </itemizedlist>
            </para>
        </simplesect>
        <simplesect>
            <title> Files </title>
            <para>
                <itemizedlist>
                    <listitem>
                        <para>file <link linkend="_cube_8cs">Cube.cs</link></para>
                    </listitem>
                </itemizedlist>
            </para>
            <para>
                <itemizedlist>
                    <listitem>
                        <para>file <link linkend="_effect_8cs">Effect.cs</link></para>
                    </listitem>
                </itemizedlist>
            </para>
            <para>
                <itemizedlist>
                    <listitem>
                        <para>file <link linkend="_font_handler_8cs">FontHandler.cs</link></para>
                    </listitem>
                </itemizedlist>
            </para>
            <para>
                <itemizedlist>
                    <listitem>
                        <para>file <link linkend="_serial_driver_8cs">SerialDriver.cs</link></para>
                    </listitem>
                </itemizedlist>
            </para>
        </simplesect>
    <simplesect>
        <title>Detailed Description</title>
    <para>Directory location is C:/Users/Tyler/Documents/GitHub/ece590-CubeController/CubeController/CubeController/</para>
    </simplesect>
</section>
